SUBDIVISION,YEAR,JAN,FEB,MAR,APR,MAY,JUN,JUL,AUG,SEP,OCT,NOV,DEC,ANNUAL,Flood
COASTAL ANDHRA PRADESH,1901,18.8,80.9,7.2,28.7,68.7,77.7,113,133.7,125.3,173.4,164.8,1.5,993.8,No
COASTAL ANDHRA PRADESH,1902,2,0,2.8,23.9,37.6,72.6,144.5,236.1,204.5,262,50.4,27.1,1063.6,No
COASTAL ANDHRA PRADESH,1903,0.8,13.3,0.2,6.2,73.4,154,248.6,258,216.5,159.1,173.9,12.1,1316.2,No
COASTAL ANDHRA PRADESH,1904,1.3,0,5.4,3,136.3,107.8,120.2,117.7,116.8,240.9,0,10.7,860.2,No
COASTAL ANDHRA PRADESH,1905,1.1,16.7,68,37,68.8,84.4,64.6,210.8,170.2,66,7.4,0,795.2,No
COASTAL ANDHRA PRADESH,1906,3.9,23.5,9.9,2.3,11,252.6,155.8,241.1,126.9,92.1,21.5,80.8,1021.5,No
COASTAL ANDHRA PRADESH,1907,0.6,3,38.9,80.9,18.9,224.5,119.7,118.2,94.7,37,52.4,29.1,817.9,No
COASTAL ANDHRA PRADESH,1908,54.1,1.3,1.7,7.2,40.9,57.2,120.9,162,320.9,73.9,2.1,0,842.3,No
COASTAL ANDHRA PRADESH,1909,1.3,1.3,0.2,112.2,34,109.7,154.2,193.1,169.8,13.4,3.1,75.2,867.6,No
COASTAL ANDHRA PRADESH,1910,0.9,2.4,0.2,31.9,22.6,179.6,222.2,204.5,216.8,286.4,87.2,0,1254.6,No
COASTAL ANDHRA PRADESH,1911,0,0,10.3,14.4,31.2,150.5,158.1,76.2,160.4,119.7,77.6,21,819.5,No
COASTAL ANDHRA PRADESH,1912,0,9.6,4.8,15.2,33.6,55.9,217.9,230.1,188.7,86.1,61.7,0,903.6,No
COASTAL ANDHRA PRADESH,1913,0,12.9,0.5,3.3,68.2,129,166.9,124.3,119.5,206.7,7.2,2.4,841,No
COASTAL ANDHRA PRADESH,1914,0,10.9,5.8,73,77.7,171.7,157.4,178.5,292.4,22.8,17.8,5.1,1013.2,No
COASTAL ANDHRA PRADESH,1915,21.1,17.9,53.3,44.8,63.5,177.3,134.8,226.5,170.5,228.8,208.8,0,1347.4,No
COASTAL ANDHRA PRADESH,1916,0.2,5.1,0.5,16.3,43.9,157.9,282.1,197.1,166.2,355.9,126,0.1,1351.2,No
COASTAL ANDHRA PRADESH,1917,1.1,25.1,14.9,16.4,105.5,201.4,142.4,215.8,219.6,216,126.5,5,1289.6,No
COASTAL ANDHRA PRADESH,1918,25.1,2.5,9.5,13,79.6,109.4,107.4,130.9,149.6,30.8,111.7,8.5,778,No
COASTAL ANDHRA PRADESH,1919,41.3,22.9,10.4,23.6,70,111.2,194.8,118.6,161.8,194.5,183.6,8.7,1141.4,No
COASTAL ANDHRA PRADESH,1920,9.6,23.8,4.7,25.1,78.4,83,71.6,124.9,113.6,176.5,12.2,0,723.5,No
COASTAL ANDHRA PRADESH,1921,52.3,0.1,0.1,35.3,11.2,97.6,204.6,168,228.7,192.6,24.7,0,1015,No
COASTAL ANDHRA PRADESH,1922,10.9,0,0,5.3,35.8,103.3,145.6,132.6,117.5,128,174,0.2,853.3,No
COASTAL ANDHRA PRADESH,1923,0.2,58.3,13.5,14.9,39.1,44.3,128.8,53.4,260.6,267.5,245.6,0.1,1126.4,No
COASTAL ANDHRA PRADESH,1924,3.7,6.2,0.6,8.8,66.1,66.2,111.6,197.6,349.8,131,240.3,0,1182,No
COASTAL ANDHRA PRADESH,1925,2.9,0.1,5.6,40.2,196.4,151.4,197.8,223.9,103.4,262.6,46.1,8.1,1238.5,No
COASTAL ANDHRA PRADESH,1926,13.7,7.7,78.7,57.1,36.4,72.4,191.4,173.3,162.8,76.7,0.5,0,870.7,No
COASTAL ANDHRA PRADESH,1927,14.1,8.4,18.5,6.3,40,196.4,172.4,197.2,157,66.1,176.5,0,1053,No
COASTAL ANDHRA PRADESH,1928,0,2.8,1.4,55.1,31,88.7,189,136.4,208.2,385.9,2.2,0.7,1101.3,No
COASTAL ANDHRA PRADESH,1929,2.7,37.4,1.5,19.7,41,190,78.3,138.4,146.3,173.1,5.3,25.4,859.1,No
COASTAL ANDHRA PRADESH,1930,0.5,32.4,6.6,23.2,117.3,189.6,112.4,133,136.7,284.1,181.9,5.1,1222.7,No
COASTAL ANDHRA PRADESH,1931,0.5,0.4,5.2,8.8,46.9,142.2,177.7,120.5,231.7,388.8,164,0.3,1287.1,No
COASTAL ANDHRA PRADESH,1932,0,53.2,0.1,20.8,47.2,79.6,203.3,122.3,147.8,117.2,180,0.1,971.5,No
COASTAL ANDHRA PRADESH,1933,4.1,0,6.8,23.3,88,106,187.1,135.6,193,251.3,67.3,24.8,1087.3,No
COASTAL ANDHRA PRADESH,1934,0,0.2,0.6,19.9,21.7,100.5,202.2,207.5,131.5,116.2,80.6,3.2,884.2,No
COASTAL ANDHRA PRADESH,1935,1.2,0.1,4.2,24.7,10.5,94.6,158.9,122.6,191.8,141,1.6,0,751.1,No
COASTAL ANDHRA PRADESH,1936,8.7,127.1,5.8,22.4,145.2,162.7,211.9,188.3,123.9,233.4,91.2,8.1,1328.7,No
COASTAL ANDHRA PRADESH,1937,0,71.8,15.2,86.3,30.3,59.3,172.5,153.7,108.7,185.2,8.9,0.2,892.2,No
COASTAL ANDHRA PRADESH,1938,0.1,31.9,7.6,3.5,82.6,158.9,161.3,176.1,294.2,115.2,174.4,0.4,1206.2,No
COASTAL ANDHRA PRADESH,1939,3,0,29.7,19.7,11.3,80.2,138.7,121.9,150.1,416.7,95.8,3.2,1070.3,No
COASTAL ANDHRA PRADESH,1940,0.2,5.3,65.6,15,202.1,120.3,157.4,186.6,122.1,106.3,75.8,12.4,1069,No
COASTAL ANDHRA PRADESH,1941,2.6,13.8,4.1,8.2,58.5,192.7,83,97.4,184.1,266.4,107.8,7.8,1026.5,No
COASTAL ANDHRA PRADESH,1942,2.9,5.6,2.1,37.2,30.5,84.7,130.9,196.1,142.1,159.7,85.6,2.4,879.8,No
COASTAL ANDHRA PRADESH,1943,20.2,5.3,1.6,72.5,46,142.1,129.5,116.6,195.4,208.2,40.2,0.2,977.9,No
COASTAL ANDHRA PRADESH,1944,4.9,19.4,96.6,24.8,42.5,132.2,179.8,157.6,159.4,304.7,33.9,0,1155.9,No
COASTAL ANDHRA PRADESH,1945,1,0,0,48,39.9,46.6,193.3,185.8,201.2,242,19.1,14.7,991.5,No
COASTAL ANDHRA PRADESH,1946,0,3.8,5.4,66,60.7,127.6,179.4,157.7,113.3,94.4,160,2,970.2,No
COASTAL ANDHRA PRADESH,1947,10.3,3,0.8,15.4,18.3,86.5,217.4,216.1,209.8,154.7,58.3,135.5,1126.2,No
COASTAL ANDHRA PRADESH,1948,1.4,26.8,7.4,24.8,44.6,92.7,193.5,113.8,232.7,103.7,181.6,1.5,1024.6,No
COASTAL ANDHRA PRADESH,1949,7.7,0.6,2.5,32.2,71.2,97.3,231.2,179.2,254.8,319.4,21.3,0,1217.3,No
COASTAL ANDHRA PRADESH,1950,0,17.2,31,7,52.8,97.8,221.8,132.3,192.5,130.1,103.2,0.3,986,No
COASTAL ANDHRA PRADESH,1951,1.2,0,27.9,46.1,75.4,133.7,285.2,186.5,174.1,89.7,74.2,2.2,1096.1,No
COASTAL ANDHRA PRADESH,1952,0,17.4,12.2,28.8,94.2,87.4,130.1,128.8,130.2,251.8,0,35.7,916.7,No
COASTAL ANDHRA PRADESH,1953,13.2,0.6,0,21.5,43.4,136.7,149.6,190.6,183.7,234.8,15.6,0.3,990,No
COASTAL ANDHRA PRADESH,1954,0.3,0,9,8,37.5,129.7,218.5,205.7,266.5,263,0,15.3,1153.5,No
COASTAL ANDHRA PRADESH,1955,5.1,0.3,18.6,14.2,250.1,118.8,128.9,263.6,177,325.9,76.2,0.3,1378.9,No
COASTAL ANDHRA PRADESH,1956,4.2,3.2,0.5,28.6,89.1,210.1,305.2,163.7,209.3,331.1,60.9,2.7,1408.5,No
COASTAL ANDHRA PRADESH,1957,0.7,1.8,21.2,14.3,28.3,152.6,149.5,298.1,198.8,125.5,26.9,0,1017.6,No
COASTAL ANDHRA PRADESH,1958,7.4,1.8,10.7,17.5,40.9,108.5,281.4,245.6,215.9,527.2,148.4,0.1,1605.3,No
COASTAL ANDHRA PRADESH,1959,5.8,10.7,0,14.7,11.5,178.8,272.3,230.9,161.1,227.3,2.6,5,1120.7,No
COASTAL ANDHRA PRADESH,1960,1.4,0.2,25.1,1.3,18.3,167.8,196.4,92.5,287.3,108.8,24.3,20.3,943.6,No
COASTAL ANDHRA PRADESH,1961,9.6,28.4,2.3,9,44.4,138.6,199.8,172.9,181.2,282.3,48.7,2.1,1119.2,No
COASTAL ANDHRA PRADESH,1962,3.7,8.7,0.9,34.6,69.6,121.1,231.3,179.1,288.1,357.6,35.8,15,1345.5,No
COASTAL ANDHRA PRADESH,1963,0,0,7,50.2,23.5,126.6,137.4,176.1,131.3,371.7,0.1,0,1023.9,No
COASTAL ANDHRA PRADESH,1964,0.7,11.2,1.1,6,33.5,116.9,170.1,226.4,353.6,76.2,64.6,0.7,1061,No
COASTAL ANDHRA PRADESH,1965,1.4,1.2,7.1,35.4,36.7,52,166.3,157.5,208.1,61.3,25,2.3,754.2,No
COASTAL ANDHRA PRADESH,1966,40.1,1.2,5,8.6,22.8,107.1,243.3,163.9,128.7,66.5,146.6,20.9,954.7,No
COASTAL ANDHRA PRADESH,1967,13.1,0.1,71.8,18.6,19.7,124.3,245.6,124.6,141.5,27.9,4.6,51.4,843.1,No
COASTAL ANDHRA PRADESH,1968,11.3,11.8,13.6,42.9,28,70.8,170.2,45.5,164.8,197.2,78.1,4.8,838.9,No
COASTAL ANDHRA PRADESH,1969,0.2,0.4,2.7,5.6,262.6,125.1,192.4,99.8,122.7,208,201.7,58.5,1279.7,No
COASTAL ANDHRA PRADESH,1970,0.9,9.7,22.3,18.7,95,174,182.5,243.5,133.3,183.3,0.8,0,1064.2,No
COASTAL ANDHRA PRADESH,1971,1,26.4,12.7,104.1,88.3,86.4,99.8,205.3,222,186.2,1,0,1033.2,No
COASTAL ANDHRA PRADESH,1972,0,32.5,0,32.1,20.7,125.1,121.3,80.8,191.6,324.2,86.8,13.3,1028.5,No
COASTAL ANDHRA PRADESH,1973,0,0.4,12,1.1,45.2,73.3,158.6,178.4,132.5,233.7,23.5,0.3,859.1,No
COASTAL ANDHRA PRADESH,1974,0.1,1.5,11.2,12.9,34.9,120.4,126.3,132.8,194.3,274.2,36.3,0,944.9,No
COASTAL ANDHRA PRADESH,1975,0.2,10.5,0.3,2.6,33.5,200.7,154.2,210.9,230.8,300.8,47.6,0.3,1192.4,No
COASTAL ANDHRA PRADESH,1976,0,1.1,2.7,22.7,36.9,78.4,199,228.8,92.2,81.3,345.9,1.1,1090.3,No
COASTAL ANDHRA PRADESH,1977,1.5,0,1.2,62.5,102.4,112.5,149.7,176.8,112.3,121,289.9,3,1132.8,No
COASTAL ANDHRA PRADESH,1978,9.1,18,12.2,29.4,19,166.7,193.1,258.5,194.2,77.8,54.2,6,1038.3,No
COASTAL ANDHRA PRADESH,1979,0.6,30.2,0.1,15.2,125.1,108.7,97.3,95.5,233.2,52.2,160.6,15.5,934.1,No
COASTAL ANDHRA PRADESH,1980,0.5,2.4,5.6,16.1,31.5,217.5,169.3,176.7,128,205,48.4,13.8,1014.8,No
COASTAL ANDHRA PRADESH,1981,16,0.1,31.4,15.2,62.3,99.7,181.3,149.5,264,89.7,18,2.1,929.3,No
COASTAL ANDHRA PRADESH,1982,1.6,0.5,7.5,37.5,47.6,94.4,151.2,148.3,135.7,210.6,53.5,0.1,888.5,No
COASTAL ANDHRA PRADESH,1983,0.1,17.3,4.6,8.8,56.2,147,188.1,264.1,259.2,232.7,7.6,10.2,1196,No
COASTAL ANDHRA PRADESH,1984,5.7,9.8,1.8,26.5,21.2,89.1,219,123.1,154.8,111.8,20.9,1.6,785.2,No
COASTAL ANDHRA PRADESH,1985,42.7,0.4,1.7,7,17.9,105.1,198.6,179.3,88.6,248.2,32.6,45.5,967.6,No
COASTAL ANDHRA PRADESH,1986,32.6,25.9,2.2,26.6,44.1,101,106,336.2,95.3,124.4,111.9,3.7,1009.7,No
COASTAL ANDHRA PRADESH,1987,20.9,0.2,24,16.9,52.9,75.6,99.7,163.4,103.4,265,243.6,14.2,1079.9,No
COASTAL ANDHRA PRADESH,1988,0,16.7,2.3,38.4,69.6,68.2,313.4,269.8,277.5,78.6,5.8,24.6,1164.8,No
COASTAL ANDHRA PRADESH,1989,0.1,0.1,37.4,7.3,31.9,128.3,329.6,235.5,189.6,55.5,13.2,1.6,1030,No
COASTAL ANDHRA PRADESH,1990,10.3,81.1,84.5,24.2,507.7,107.4,102.5,223.2,158.5,248.7,58.9,4.3,1611.1,No
COASTAL ANDHRA PRADESH,1991,19.6,3.3,6.6,17.9,24.5,215.5,145.3,134.4,265.7,148.7,132.4,8.3,1122.1,No
COASTAL ANDHRA PRADESH,1992,13.1,4.3,0,9.1,45.5,75.6,208.4,207.2,145.8,147.5,144.4,0,1001,No
COASTAL ANDHRA PRADESH,1993,2.2,9.8,16.6,26.6,71.7,73.2,166.2,99.3,172.9,196.2,17.5,17.5,869.7,No
COASTAL ANDHRA PRADESH,1994,7.2,17.4,3.1,30.6,49.2,62.5,218.3,156.5,137,257.6,213.4,2.1,1155.1,No
COASTAL ANDHRA PRADESH,1995,27.5,2.5,12,19.8,257.8,80,225.3,212.7,128.6,329.6,50.1,6.1,1352,No
COASTAL ANDHRA PRADESH,1996,3.4,5.8,4.4,23.7,23.8,236.8,206.9,225.2,160.5,240,68.9,11.4,1210.9,No
COASTAL ANDHRA PRADESH,1997,15.1,5.6,19.7,62.6,25.2,63.1,156,128.1,315.5,83.6,51.7,45.7,972.1,No
COASTAL ANDHRA PRADESH,1998,12.6,35.7,24.7,38.9,33.6,136.2,214.1,252.2,255.5,178.6,128.6,0,1310.8,No
COASTAL ANDHRA PRADESH,1999,0.1,2.7,0.2,11,74.3,126.4,154.2,136.6,137.5,153.9,28.3,0,825.1,No
COASTAL ANDHRA PRADESH,2000,0.1,42.4,0.7,19.1,68.4,200.5,154.1,311.5,102.9,69.6,10.6,12.4,992.3,No
COASTAL ANDHRA PRADESH,2001,4.6,3.8,20,54.1,50.8,117.2,123,170.7,187.2,196,78,4.1,1009.3,No
COASTAL ANDHRA PRADESH,2002,28,0,7.3,34.8,35,115.2,74.7,173.5,71.7,148.7,14.3,0,703.2,No
COASTAL ANDHRA PRADESH,2003,6.2,19.4,40.7,19.4,12.2,104,241.7,158.3,130.2,252.3,11.5,101.1,1096.8,No
COASTAL ANDHRA PRADESH,2004,24,11.4,11.6,40.1,57.6,152.8,192.1,125,101.7,147.9,9.4,0.2,873.6,No
COASTAL ANDHRA PRADESH,2005,13.6,8,17.4,32.2,48.4,88.1,151.5,105.9,398.1,298,56.2,4.2,1221.6,No
COASTAL ANDHRA PRADESH,2006,0,0,30.7,58,67.6,132,126.8,279.7,224.1,185.4,55.3,0,1159.6,No
COASTAL ANDHRA PRADESH,2007,0,5.1,0.1,8.5,13,300.1,141,164.4,287.1,167.7,11.9,0.5,1099.2,No
COASTAL ANDHRA PRADESH,2008,3.2,61.6,93.8,18.5,34.9,119.8,208.5,276.2,166.8,51.6,71.4,1.2,1107.5,No
COASTAL ANDHRA PRADESH,2009,0,0,5.7,6.4,53,72.6,140.9,163.5,151.9,92.6,102.6,1.3,790.5,No
COASTAL ANDHRA PRADESH,2010,21.8,2.3,4.4,14.8,162,156.1,318.9,248.6,230.5,204,210.9,138.2,1712.4,No
COASTAL ANDHRA PRADESH,2011,0,17.9,0.9,62.3,67.9,86.8,196,215.8,129.7,74.6,4.9,5,861.9,No
COASTAL ANDHRA PRADESH,2012,37.6,0,2.7,24,39.3,95.4,221.9,221.2,246.5,140,289.7,0,1318.4,No
COASTAL ANDHRA PRADESH,2013,2,29.6,0.2,48,28.2,127.5,162.4,123.1,132,411.5,53.1,2.8,1120.5,No
COASTAL ANDHRA PRADESH,2014,0.4,1.2,9.1,6,112.9,45.7,151.8,177.8,144.5,195.6,23.7,6.4,874.9,No
COASTAL ANDHRA PRADESH,2015,2,0.6,5.5,32.3,34.1,283.8,116,192,201.8,59.7,81.2,2,1010.9,No
TELANGANA,1901,6.9,41.8,7.8,45.2,22,123.6,237.8,177.2,77.7,75.5,12.2,0,827.7,No
TELANGANA,1902,0,0,0.2,10.7,7.3,52.4,146.3,142.8,190.5,41.7,31.2,7.3,630.4,No
TELANGANA,1903,12.9,4.6,0,9.9,40.7,99.2,505.2,246.7,191.9,155.8,15.5,1.1,1283.4,No
TELANGANA,1904,0,0,10.8,0.8,14.7,104.2,139.5,50,162.3,44.4,0,0,526.7,No
TELANGANA,1905,0,4.3,12.8,27.6,32.2,129.5,82.4,237.3,179.1,19.6,0,0,724.9,No
TELANGANA,1906,22.5,1.2,13.4,2.4,0.7,211.1,210.8,226.7,96.3,20.5,14.9,34.8,855.2,No
TELANGANA,1907,1,3.3,10.2,61.9,0.2,217.5,160.5,263.3,116.8,0.3,3.6,5,843.7,No
TELANGANA,1908,35.6,2.6,5.2,0.3,6.5,107.4,254.9,168.3,401.2,0.1,0,0.7,982.8,No
TELANGANA,1909,0.5,5.9,0.5,26.4,2.2,133.8,288.3,168.6,138.5,4.6,0,0.2,769.5,No
TELANGANA,1910,0,0,0,4.2,25,220.9,198.2,150.3,230.5,101.4,45.3,0,975.9,No
TELANGANA,1911,0,0,7.9,0.7,7.8,133.9,122.1,176.3,174.4,23,6,9.9,662,No
TELANGANA,1912,0,37.5,0,20.4,6.6,28.5,263.3,196.8,149.5,7.8,33.4,0,743.8,No
TELANGANA,1913,0,13.4,0,8,34.6,83.5,337.2,108.8,101.7,35.2,0,9.7,732.2,No
TELANGANA,1914,0,0,1.2,34.1,41.5,233.1,271.3,195.1,278.6,16.2,10.3,2,1083.5,No
TELANGANA,1915,15.4,8.6,77.8,18.8,26.7,165.6,140.4,236.2,186.8,122,23.6,0.1,1022,No
TELANGANA,1916,0,4.1,0,15.9,16.1,233.2,216.4,137,291.8,153.1,95.1,0,1162.6,No
TELANGANA,1917,0,65.5,33,34.1,52.7,184.1,267.5,180.1,275.6,106.7,6.6,0,1206,No
TELANGANA,1918,20.2,0,32.6,8.3,55.5,97.8,106.1,89.6,96.9,6.4,7.5,33.9,554.7,No
TELANGANA,1919,5.5,39.2,31.3,35,23.6,158.8,139.4,115.3,129.9,130.6,78.5,7.4,894.6,No
TELANGANA,1920,7.4,0,1.7,24.4,31.4,62.8,138.8,66.5,78.9,24.9,0,0,437,No
TELANGANA,1921,7.1,0,0.1,5.4,5.5,200.9,296.7,161.1,240.7,68,17.9,0,1003.3,No
TELANGANA,1922,55.3,0,0,6.6,50.1,69.2,184.3,158.3,170.2,23,50.7,0,767.5,No
TELANGANA,1923,3,5.3,23.3,10.7,18,43.5,222.8,80.3,334.4,44,1,0,786.2,No
TELANGANA,1924,37,0,0,9.2,34.6,62.8,124.7,220.2,288.2,51.6,116.1,0,944.5,No
TELANGANA,1925,0,0,0,49.8,97.8,168.1,266.2,239.2,148.1,187.5,8.1,3.1,1167.9,No
TELANGANA,1926,46.1,2,24,48.8,24,74.7,227.3,205.1,70.5,41,0,0,763.5,No
TELANGANA,1927,9.6,11,4.6,2,14.3,248.3,266,158.5,142.4,59.9,89,0,1005.5,No
TELANGANA,1928,0,15.8,47.3,4.5,27.9,143.9,248.6,191.6,215.2,104.1,0,7.4,1006.4,No
TELANGANA,1929,5.3,64.8,0,21.7,2.8,146,115,142.2,232.5,35.9,0,24.5,790.5,No
TELANGANA,1930,0,14.7,5.4,13.5,1.7,184.9,131.1,144.7,215.6,60,64.3,0,835.8,No
TELANGANA,1931,0.3,5.1,4,13.3,25.9,187.3,368.6,155.9,288.1,107.4,25.5,1.6,1183.1,No
TELANGANA,1932,0,40.3,1.3,17.6,25.8,119.7,300.4,179,172.9,32,60.9,0,949.9,No
TELANGANA,1933,12.9,17.4,15.7,25,63.4,332,243.4,226.7,262.2,128.9,24,44.5,1396.3,No
TELANGANA,1934,0.1,0,0.1,18.3,1.2,111.7,296.9,280.2,162.3,15.2,42,0,927.9,No
TELANGANA,1935,16.2,3.4,1.4,42.2,2.7,115.1,309.7,162.9,198.3,43.5,2.6,0.5,898.5,No
TELANGANA,1936,2.5,79.1,15.3,8.4,73.7,200,268.9,220.9,128.4,96.4,48.2,15.1,1157,No
TELANGANA,1937,0,33.2,28.6,105.6,3,77.8,285.8,102.4,153.6,72.1,0.9,3,866.1,No
TELANGANA,1938,0,41.3,14.2,16.6,27.8,226.3,331.6,256.5,201.9,59.2,0,0,1175.3,No
TELANGANA,1939,0,0,22,16.7,3,73.5,173.2,202.5,107.1,130.3,11.8,0,740,No
TELANGANA,1940,0,0.5,11.4,33.6,91.4,128.5,345.8,281.5,94.7,64.9,22.2,8.1,1082.6,No
TELANGANA,1941,16.6,3.3,4.8,4.8,17.5,121.4,87.9,149.9,137.5,49.6,0.7,0.4,594.4,No
TELANGANA,1942,0,23,0.2,31.7,30.9,160,250.1,277.3,107.4,20.9,3.9,1.6,906.9,No
TELANGANA,1943,15.2,0.6,1.7,34.4,26.9,180.4,179.3,133.4,262.2,62.7,2.6,0,899.3,No
TELANGANA,1944,0,13.7,82.3,5.4,15.7,114.5,224.1,142.4,207.7,131.9,22.7,0,960.5,No
TELANGANA,1945,4.3,0,0,39,11.2,144.5,332.1,238.4,159.1,94.1,4.8,0,1027.4,No
TELANGANA,1946,0,15.9,5.2,21.7,14.5,152.1,287.2,149.5,85,30.7,57.5,3.6,822.8,No
TELANGANA,1947,13.4,18,3.3,1.8,10.8,59.9,273.3,315.5,248.3,35.3,16.2,9.7,1005.5,No
TELANGANA,1948,3.7,4.6,5.1,20,15,71.4,239.3,165.4,242.5,25,123,0,915,No
TELANGANA,1949,0.5,0,2.4,13.8,67.9,152,335.5,173.6,198.1,94.6,0.2,0,1038.6,No
TELANGANA,1950,0,34.7,14.2,0.2,11.6,78.4,222.7,118.5,254.1,21.8,4.7,0.5,761.3,No
TELANGANA,1951,0,0,56.1,20.1,31.1,116.8,356,151.7,103.9,64.4,0.7,0,900.8,No
TELANGANA,1952,0.5,16.4,0.8,12.4,32.5,80.1,205.1,148.9,137.7,88.3,0.2,6.9,729.7,No
TELANGANA,1953,5.1,0,3,26.8,0.7,224,200.9,364.5,269.5,175.8,1.7,0,1272.1,No
TELANGANA,1954,0,0,13.2,4.3,14.4,105.3,300.4,192.5,252.9,44.2,0,1.2,928.4,No
TELANGANA,1955,1,0,2.9,9.8,27.8,230.3,259.9,300.1,249.7,116.2,5.5,0,1203.2,No
TELANGANA,1956,0.7,1.5,1.9,5.9,52.9,220.1,393.8,133.3,156.9,94.5,59.1,0,1120.5,No
TELANGANA,1957,0,7.7,23.7,33.4,18.6,157.9,206.9,358.5,100.9,75.6,0,0,983.2,No
TELANGANA,1958,2.1,4.9,10,24.7,14.1,72.9,407.5,351.7,135.2,69.8,20.9,0,1113.9,No
TELANGANA,1959,1,0.4,0,4,16.3,163.7,403.2,348.3,212.8,68.6,4.2,1.7,1224.1,No
TELANGANA,1960,0.7,0,32.9,4.1,21.9,223.9,203.6,82.1,197.5,59.4,12,1.4,839.5,No
TELANGANA,1961,0.8,6.1,2.7,11.8,46.1,142.2,368.3,209.2,144.5,188.3,26.4,0.2,1146.5,No
TELANGANA,1962,0.2,25.1,2.1,47,20.3,84.5,270.5,264.1,289.6,62.5,38.6,34.2,1138.7,No
TELANGANA,1963,0,0.3,4,35.5,9,179.5,214.7,372.7,103.3,91.2,0,0,1010.1,No
TELANGANA,1964,0,0.2,5.5,2.1,0.7,109.1,186.3,232.3,302.4,41.7,7.2,0,887.5,No
TELANGANA,1965,2.7,0.8,4.4,6.8,2.7,124.3,318.6,152.2,166.2,0.1,0,0,778.9,No
TELANGANA,1966,19.8,0,2.6,7.9,2.7,67.2,294,216.3,254.4,39.5,34.9,31.7,970.9,No
TELANGANA,1967,0.3,0,62.7,8.5,1.1,166.7,320.8,183.7,139.4,5.6,0.2,53.1,942.1,No
TELANGANA,1968,16.5,15,35.1,16,7.4,87.6,188.6,52.3,231.4,82.7,15.8,0.1,748.7,No
TELANGANA,1969,2.2,0,1.4,9.6,53.3,103.2,265.5,186.4,278.8,56.1,64.4,26.2,1047.1,No
TELANGANA,1970,6.9,0.7,4.5,22.5,45.8,205.5,135.6,345.8,176.1,26.8,0,0,970.3,No
TELANGANA,1971,7.3,7.5,6.3,6.9,37.8,139.9,114.1,144.3,97.2,167.9,0,0,729.1,No
TELANGANA,1972,0,14.6,0.1,12.7,12.2,162.8,183.9,93.9,71.3,64.8,49.7,4.8,670.7,No
TELANGANA,1973,0,0,1.7,5.5,6.4,110.5,239.4,367,83.5,223,5.3,0.1,1042.5,No
TELANGANA,1974,0,0,1.8,7,32.9,111.1,113.1,171.9,124.8,261.6,6,0,830.4,No
TELANGANA,1975,12.9,10.5,7.7,3,21.8,138.8,269.4,194,347,204.9,5.7,0,1215.8,No
TELANGANA,1976,0.2,0,1,25.6,10.7,85.7,471.7,277.3,123.4,5.6,34.5,0,1035.6,No
TELANGANA,1977,0,0,2.4,8,42.3,97.4,253.1,240,70.9,51,36.7,6.7,808.6,No
TELANGANA,1978,30.7,19.1,5.9,20.6,23,261.6,376.5,376.7,116,50.1,31.6,0,1311.7,No
TELANGANA,1979,9.8,22.8,1.2,12.6,48.7,145.9,156.4,131.8,200,15.7,39.5,7.3,791.7,No
TELANGANA,1980,0,0,5.3,15.5,8.3,219.6,210.1,294.5,145.6,5,2.4,16.2,922.6,No
TELANGANA,1981,10.3,0,26.2,11.7,40.1,187.2,227.5,310.2,285.2,42.5,0.8,2.1,1143.5,No
TELANGANA,1982,5.7,0,4.2,22.2,37.1,123.8,265.6,184.1,174.4,100.8,15.3,0,933.2,No
TELANGANA,1983,0,4.2,1.7,3.9,38.4,158.8,301.5,416.8,378.2,185.4,1,7.5,1497.5,No
TELANGANA,1984,7.3,8.1,4.7,11.4,3.5,104.9,277.8,119.8,111.8,91.1,2.2,0,742.8,No
TELANGANA,1985,5.7,0,4.7,15.5,13.6,181.4,223.8,160.8,70,108,0,2.3,785.9,No
TELANGANA,1986,29.4,60.3,1.9,21.5,9.1,115.5,234.9,406.8,65.6,24.6,20.4,17.3,1007.3,No
TELANGANA,1987,15.3,1,18.4,9.5,30.5,133.1,275,221.6,60.1,94.7,116,1.8,976.9,No
TELANGANA,1988,0,6.5,1.1,26.6,3.4,135.8,656.2,341.7,313.4,50.5,2.4,7.2,1544.9,No
TELANGANA,1989,0,0,39.2,1.9,4.9,238.5,406,277.7,165.4,17.4,1.4,8.6,1161,No
TELANGANA,1990,4.2,4.1,35.2,1,159.8,245.1,180.2,471.1,132.1,180.2,12.4,0.1,1425.7,No
TELANGANA,1991,21.7,4.1,8.9,21.6,34.4,194.5,268.8,122,100.8,29.4,36.8,6,849.1,No
TELANGANA,1992,4.8,0,2.5,10.7,20.6,180.5,180.5,271.8,99,47,46.1,0,863.5,No
TELANGANA,1993,4.9,2,12.9,13.1,29.4,83.9,291.8,146.4,187,100.9,0.1,13.2,885.6,No
TELANGANA,1994,8.6,12.5,0,21.5,20.4,115.3,308.2,256.3,53.9,143,36.2,0,975.7,No
TELANGANA,1995,98.7,0.5,22,16,35.6,135.4,282.1,209.2,141.1,332.7,12.6,0,1286,No
TELANGANA,1996,0,7.9,4.7,31.1,13.6,115.9,264.1,295.9,160.2,72.4,13.2,7.8,986.8,No
TELANGANA,1997,22.6,0.9,20.2,43.4,21.3,85.5,156.7,154.5,169.1,87.9,46.9,46.9,856,No
TELANGANA,1998,5.2,22.2,15.2,15.5,27.9,149.4,264,290.5,209.3,79.4,14.5,0,1093,No
TELANGANA,1999,0,9.3,4.6,1.7,74.8,141.6,205.2,190.9,177.6,55.7,2.2,0,863.8,No
TELANGANA,2000,0.6,16.8,1,16.3,48.8,253.2,220.9,420.5,70.7,20.2,6.4,2.5,1078,No
TELANGANA,2001,8.5,0,21.5,37.3,7.5,183.9,123.8,266.8,119.9,135.6,17.4,0,922.3,No
TELANGANA,2002,18.8,10.1,7.6,7.7,32,143.2,91.7,321.7,52.4,76.2,3.9,0,765.3,No
TELANGANA,2003,0,10.7,21.9,14,7.9,112.6,312.2,266.5,103.2,101.7,7.3,5.3,963.2,No
TELANGANA,2004,34.4,17.9,9.3,25.9,34.6,64.6,216.7,117.7,110.1,30.6,5.3,0,667,No
TELANGANA,2005,43.4,14.1,14.6,23.8,19.7,115.1,400.3,126.9,246.3,136.1,3.9,18.8,1163.1,No
TELANGANA,2006,0,0,42.7,38.6,46.1,104.8,169.5,308.2,280.2,28.1,34.7,0,1053,No
TELANGANA,2007,0,0,0.1,0.1,9.2,176.6,134.6,206.6,262.3,40.8,13,0,843.3,No
TELANGANA,2008,0.2,18.6,108.6,15.7,4.9,132.9,183.4,391.8,146.7,24.2,7.5,0.8,1035.3,No
TELANGANA,2009,0,0,2.1,4.5,13.1,85.8,118.4,192.3,149.7,69.5,29.6,1.2,666.3,No
TELANGANA,2010,10.3,5.3,1.5,5.6,24.9,127,395.5,308.1,249.8,98.7,40.5,9.3,1276.4,No
TELANGANA,2011,0,11.9,2.6,25.6,9.3,83.9,268.2,225.9,107.6,13.9,4.2,0,753.1,No
TELANGANA,2012,6.7,0,0.2,14,8.4,124.4,300.3,229.9,202.4,83.6,38.7,0,1008.6,No
TELANGANA,2013,2.4,29,0.2,24.4,8.5,213.4,453.8,230.6,161.4,205.9,16.4,2.7,1348.7,No
TELANGANA,2014,0.2,2.9,58.3,10.3,73.3,62.3,146,205.2,146.8,29.6,10.8,0.7,746.4,No
TELANGANA,2015,17.5,0,43,65.7,23.3,266.9,104.4,160.5,158.3,15.6,0.3,1.7,857.3,No
